facility_type,region,total_providers,avg_years_experience,total_service_charge,total_insurance_paid
Hospital,South,324,19.3811394891945,334927.3,267183.95
Specialty Center,South,424,19.742690058479532,672546.29,540230.15
Specialty Center,West,427,19.73784355179704,599974.54,482436.48
Urgent Care,North,328,20.16078431372549,334992.21,269207.92
Urgent Care,South,430,19.88144329896907,611793.11,488548.93
Urgent Care,West,444,20.476419634263713,647192.24,515343.09
